{
  "accuracy": 0.3064259160913436,
  "f1_macro": 0.2929999536489374
}