{
  "train_loss": [
    2.8631488265293012,
    2.5708115779222944,
    2.2330975302443923,
    1.915818838033819,
    1.6864682120610395
  ],
  "val_loss": [
    2.735524626586968,
    2.467916129194244,
    2.364933462670891,
    2.1805788103065447,
    2.094858240884662
  ],
  "train_acc": [
    0.10368136439267887,
    0.19051580698835274,
    0.28910149750415975,
    0.38779118136439267,
    0.4586106489184692
  ],
  "val_acc": [
    0.12956419316843346,
    0.20906949352179033,
    0.251472320376914,
    0.3121319199057715,
    0.3280329799764429
  ]
}