{
  "accuracy": 0.3222251725969198,
  "f1_macro": 0.3061822803486479
}