{
  "train_loss": [
    2.8706823902796588,
    2.5538259968781434,
    2.157881858939934,
    1.8284359722089847,
    1.5919674029961204
  ],
  "val_loss": [
    2.7451210443206895,
    2.4559631356080933,
    2.232069451901601,
    2.090488347906106,
    2.0649834375639826
  ],
  "train_acc": [
    0.10399334442595674,
    0.19956322795341097,
    0.31593178036605657,
    0.42398086522462564,
    0.49552828618968386
  ],
  "val_acc": [
    0.13663133097762073,
    0.21849234393404005,
    0.2921083627797409,
    0.3309776207302709,
    0.34275618374558303
  ]
}