{
  "train_loss": [
    1.8868886847265944,
    1.0046551749234192,
    0.7502934865269208
  ],
  "val_loss": [
    1.2405683011413322,
    1.0185325701750632,
    0.9836870704298165
  ],
  "train_acc": [
    0.5125831946755408,
    0.7184900166389351,
    0.7899334442595674
  ],
  "val_acc": [
    0.6619552414605419,
    0.6984687868080094,
    0.7102473498233216
  ]
}