{
  "accuracy": 0.6903876792352629,
  "f1_macro": 0.6681540720858032
}