{
  "train_loss": [
    3.6049923675537108,
    2.817066817474365,
    2.5063498931884767,
    2.273291011810303,
    2.1223884536743163
  ],
  "val_loss": [
    2.936474477386475,
    2.5530076972961426,
    2.3461973819732664,
    2.1763211429595946,
    2.129259465789795
  ],
  "train_acc": [
    0.1635,
    0.3008,
    0.3598,
    0.4081,
    0.4408
  ],
  "val_acc": [
    0.2859,
    0.3543,
    0.392,
    0.4356,
    0.4427
  ]
}