{
  "train_loss": [
    3.6025219345092774,
    2.8365692211151123,
    2.5088335693359376,
    2.279376029586792,
    2.1283623973846435
  ],
  "val_loss": [
    2.9268273612976072,
    2.6106496849060057,
    2.343362579727173,
    2.198738381958008,
    2.1037285469055176
  ],
  "train_acc": [
    0.1622,
    0.294925,
    0.35995,
    0.4087,
    0.44275
  ],
  "val_acc": [
    0.2772,
    0.3397,
    0.3934,
    0.4286,
    0.4476
  ]
}