{
  "train_loss": [
    2.856640600721769,
    2.4457171133869697,
    1.9970933815802194,
    1.5980820509042597,
    1.3870014398546266
  ],
  "val_loss": [
    2.6886584475127493,
    2.3955309506159086,
    2.088175149070641,
    1.94182155382226,
    1.8950301814556683
  ],
  "train_acc": [
    0.10700915141430949,
    0.23367304492512478,
    0.3673044925124792,
    0.4966722129783694,
    0.5653078202995009
  ],
  "val_acc": [
    0.14487632508833923,
    0.24558303886925795,
    0.3404004711425206,
    0.38574793875147234,
    0.395170789163722
  ]
}