{
  "accuracy": 0.378518321826872,
  "f1_macro": 0.3607889060822279
}