{
  "train_loss": [
    2.8663316280790254,
    2.473053503948916,
    2.019137058202518,
    1.644688033026189,
    1.4185316560669072
  ],
  "val_loss": [
    2.6656229546550305,
    2.3678169051104074,
    2.1211606605314115,
    1.9407569879075803,
    1.8897644538340215
  ],
  "train_acc": [
    0.10680116472545757,
    0.2206738768718802,
    0.36002495840266224,
    0.4788893510815308,
    0.5496048252911814
  ],
  "val_acc": [
    0.1625441696113074,
    0.24381625441696114,
    0.3286219081272085,
    0.37338044758539457,
    0.38810365135453473
  ]
}