{
  "accuracy": 0.37347318109399896,
  "f1_macro": 0.35585059212390074
}