{
  "Zero-shot": {
    "accuracy": 0.546,
    "f1_macro": 0.5173141384862286
  },
  "1-shot": {
    "accuracy": 0.328,
    "f1_macro": 0.3383339904094351
  },
  "5-shot": {
    "accuracy": 0.612,
    "f1_macro": 0.6221259626016358
  },
  "10-shot": {
    "accuracy": 0.764,
    "f1_macro": 0.7655007903448537
  },
  "20-shot": {
    "accuracy": 0.93,
    "f1_macro": 0.9322217638230237
  }
}