{
  "train_loss": [
    3.620061791229248,
    2.997226737213135,
    2.6685305938720703,
    2.3720263427734376,
    2.1935360321044923
  ],
  "val_loss": [
    3.195006190109253,
    2.95592183303833,
    2.612628721237183,
    2.316828261566162,
    2.226905988883972
  ],
  "train_acc": [
    0.1708,
    0.2735,
    0.3421,
    0.39775,
    0.43285
  ],
  "val_acc": [
    0.2331,
    0.2939,
    0.3545,
    0.4129,
    0.4431
  ]
}