{
  "train_loss": [
    3.565924228286743,
    2.9724076797485353,
    2.6218328174591066,
    2.374981057739258,
    2.1543904514312744
  ],
  "val_loss": [
    3.7095572040557863,
    2.864360553741455,
    2.5733052635192872,
    2.2441576042175293,
    2.1273205909729005
  ],
  "train_acc": [
    0.178575,
    0.2812,
    0.345525,
    0.396325,
    0.4418
  ],
  "val_acc": [
    0.2215,
    0.3085,
    0.3578,
    0.426,
    0.4457
  ]
}