{
  "bilstm": {
    "accuracy": 0.3222251725969198,
    "f1_macro": 0.3061822803486479
  },
  "gru": {
    "accuracy": 0.378518321826872,
    "f1_macro": 0.3607889060822279
  },
  "distilbert": {
    "accuracy": 0.6903876792352629,
    "f1_macro": 0.6681540720858032
  }
}