{
  "bilstm": {
    "accuracy": 0.3064259160913436,
    "f1_macro": 0.2929999536489374
  },
  "gru": {
    "accuracy": 0.37347318109399896,
    "f1_macro": 0.35585059212390074
  }
}